uniprot_id,uniref_cluster,taxonomy,sequence,length,mw,num_fields,num_summary,num_qa
A0A009IHW8,UniRef50_A0A009IHW8,"Bacteria, Pseudomonadota, Gammaproteobacteria",MSLEQKKGADIISKILQIQNSIGKTTSPSTLKTKLSEISRKEQENARIQSKLSDLQKKKIDIDNKLLKEKQNLIKEEILERKKLEVLTKKQQKDEIEHQKKLKREIDAIKASTQYITDVSISSYNNTIPETEPEYDLFISHASEDKEDFVRPLAETLQQLGVNVWYDEFTLKVGDSLRQKIDSGLRNSKYGTVVLSTDFIKKDWTNYELDGLVAREMNGHKMILPIWHKITKNDVLDYSPNLADKVALNTSVNSIEEIAHQLADVILNR,269,30922,5,6,11
A0A067XGX8,UniRef50_A0A067XH53,"Eukaryota, Viridiplantae, Streptophyta",MALTATATTRGGSALPNSCLQTPKFQSLQKPTFISSFPTNKKTKPRTKHISAVQSPPSTTKWNLESWKTKPAFQLPDYPDKVELESVLKTLSTYPPIVFAGEARNLEEKLGEAALGNAFLLQGGDCAESFKEFSANNIRDTFRVMLQMGVVLMFGGQMPVIKVGRMAGQFAKPRSDPFEEKDGVKLPSYRGDNVNGDAFDEKSRIPDPHRMVRAYTQSVATLNLLRAFASGGYAAMQRVNQWNLDFTDQSEQGDRYRELAHRVDEAMGFMTAAGLTVDHTIMTTTDFWTSHECLLLPYEQALTREDSTSGLYYDCSAHMIWVGERTRQLDGAHVEFLRGIANPLGIKVSHKMDPDELVKLIDILNPQNKPGRITVITRMGADNMRVKLPHLIRAVRGAGQIVTWVSDPMHGNTTKAPCGLKTRSFDSIRAELRAFFDVHEQEGSYPGGVHLEMTGQNVTECVGGSRTITYNDLSSRYHTHCDPRLNASQALELAFAIAERLRRRRLGPKFSL,512,57062,7,5,8
A0A067XH53,UniRef50_A0A067XH53,"Eukaryota, Viridiplantae, Streptophyta",MALSTNSTTSSLLPKTPLVQQPLLKNASLPTTTKAIRFIQPISAIHSSDSSKNTPIVSAKPSSPPAATSTAAATAVTKQEWSIDSWKTKKALQLPEYPNQEELKNVLKTIEDFPPIVFAGEARHLEEKLGEAAMGRAFLLQGGDCAESFKEFNANNIRDTFRILLQMGAVLMFGGQMPVIKVGRMAGQFAKPRSDNFEEKNGVKLPSYRGDNVNGDAFDLKSRTPDPQRLIRAYCQSAATLNLLRAFATGGYAAMQRVTQWNLDFTEHSEQGDRYRELANRVDEALGFMNAAGLTTDHPIMTTTEFWTSHECLLLPYEQSLTRLDSTSGLYYDCSAHFLWVGERTRQLDGAHVEFLRGIANPLGIKVSDKMDPSALVKLIEILNPQNKAGRITIITRMGAENMRVKLPHLIRAVRGAGQIVTWVSDPMHGNTIKAPCGLKTRPFDSIRAEVRAFFDVHEQEGSHPGGVHLEMTGQNVTECIGGSRTVTFDDLSSRYHTHCDPRLNASQSLELAFIIAERLRKRRLGSQSVLGQ,533,58894,7,7,8
A0A068BGA5,UniRef50_A0A068BGA5,"Eukaryota, Viridiplantae, Streptophyta",MASFPPSLVFTVRRKEPILVLPSKPTPRELKQLSDIDDQEGLRFQVPVIMFYKRKLSTEGEDPVKVIREALAEALAFYYPFAGRLIEGPNRKLMVDCTSEGVLFIEADADIELNQLIGDTIDPGTYLDELLHDVPGSEGILGCPLLLIQVTRFRCGGWAFAIRLNHTMSDTLGLVQFLTTIAEFTRGAEGAPSVPPVWQREFLAARQPPFIPFQHHEYEQVIDTTPDDNKKSMTHKSFFFGPKEIRAIRSHLPLHHRSTSSTFDVLTACLWRCRTCALVLDPKKTVRISCAASGRGKHDLHVPRGYYGNVSAFPATVLRAGMISTSPLEYAMEGVKKAKARMTGEYLRSVADLMVTKGRPLYTVVGNYIVSDMTRVGLDTIDFGWGKPVYGGPARAFPLISFYGRFKDNKGEDGIVVLICLPEAAMKRFQEELKKMTGEHVDGPFDYKPIKVVSKL,456,50972,4,4,6
A0A072VHJ1,UniRef50_A0A072VHJ1,"Eukaryota, Viridiplantae, Streptophyta",MSGVPFPSNLLPSPSSPEWLSKADNAWQLMAATLVGMQSVPGLIILYGGAVKKKWAVNSAFMSLYAFACVFFCWVFWAYRMSFGDTLFPFWGKPALALDEKYLFKQAFLGAFPNATMIYFQCVFAAITLILIAGAVLGRMNFYAWMMFVPLWLTFSYTFTAFSIWSTNGFLAKMGIIDYSGGYVIHLSSGVAGFTAAYWVGPRLNKDRERFPPNNLLLMLAGAGLLWMGWTGFNGGDPYSVGLDASLAVLNTHACTATSLLTWVFLDVIFFRKPSVIGAVQGMITGLVCITPAAGVVQGWAALIMGLFSGSIPWFTMMVIHKRSKLLQKVDDTMAVLHTHAIAGSLGGILTGLFAEPKLNSLFYGVYNKYVGLFYGIQMNMASTGRRQIGIQLLGILFVIFVNVVSTSLICLFIRLFVPLRMSEEDMEIGDEAAHGEEAYAIWGQGDKHENSNSKYGSSLYEDVEVAATTKNKRGSQIEMM,481,52906,4,4,7
A0A073CEA3,UniRef50_A0A073CEA3,"Bacteria, Cyanobacteriota, Cyanophyceae",MLKFSMEFCYPQPDVKTLIVGTLGPKETSSEQTLNYLITQWQAEQISVTSHLFDTFTELKEALLQDRVDLALVPHAYERVNDFYMEPSLKLGFVFTYPTPIYGLAKRKNEELVWENCTLVTHPAPFPLLPYLLPGYPHQKNIKVEFVNSTSAAAIQVKQGLADLAITNENALKENDLEFIAEYGKIEMSWSIFHKKGTVHRE,202,23114,4,5,5
A0A075TMP8,UniRef50_A0A075TMP8,"Eukaryota, Fungi, Dikarya",MDILQLAPTHLLAILLSSTSALFLITYLLRAGHRPSDLPNGPPTVPLFGNELQVPKSDAHFQFSRWAKEYGGFFTLKRYNNTTIVISDQKLIKTLLDKKSNIYSHRPASLVSHLITQSDHLLVMQYGERWRMLRKTIHQYFMEPRCERDHWKVQEAEAKQMLHDYLTMPEDHMLHPKRYSNSITNSLVFGIRTKTVHDEYMKKLFYLMDKWSLVQELGATPPVDSFALLRYVPQWMLGNWRNRAVEVGDLMQSLYQTVLDQVKERRQRGIQRDSFMDRVLDTLKQTPLSENELRFLGGVLMEGGSDTSSSLILTIIQAMTKYPEVQAKAHAQIDSIIGHNRSPAWSDWSKLPYINMIIKESHRWRPVSPLGVPHAVAEDDHIDGKLIPQGSSIVLNVWGMHHDSDRWQEPEHFQPERFADFPALASGYAGSERRDHLGYGAGRRICPGIHLAERNLIIGIAKLLWAFEFLEPLGSDSDISAHSGASKGFLHCPKDYGCVIRLRSPEKRETIMREFAEAQEVFARFD,526,60437,6,7,6
A0A075TR41,UniRef50_A0A075TR41,"Eukaryota, Fungi, Dikarya",MAPFVPYHYSAGQSTIVKFGGLLTTEFLEPPPGRCFLFRQTYRHTIEGSIPENLRKLINSPDRPKGPPPHFHQFQTEYFRVENGVLGISVDGVVRRITPEDGEISVKAGSVHNFFIHPDSPENMTVYLSASDSGNDYQLDRVFFENWYGYWHDALLHDGGIDWIQFLAIQDGGDAYTPAPAWVPFRRQVGYWTCVIVGRWIGGLLGYKPFFREYTTDWDFAVAKMKGSFFQRHLVHAAFEEEKSWTKQAELEPKGKPENAEFEPWTEDMSPAPLSLGPVAYEQGLFHGVQPGSVNGSNGHSTGVESKLEQLGSRAQRRVVIDDAGK,326,36772,4,4,7
A0A075TRL5,UniRef50_A0A075TRL5,"Eukaryota, Fungi, Dikarya",MEPFLLLLLVLLPAIVLVRYAFTYGHRTSTMPIGPPTLPFIGNIHQITKKYTHIKFTEWAAQYGGLYMLKIGNGNMAVITDRRLVKEVLDRKSGIYSHRPHSFVSHDLITKGNHLLVMHYGDQWRTFRRLVHQHLMETMVENHHTKIVNAEAIQLVRDYMIDPEHHMAHPKRYSNSITNSIVFGIRTANREGANMRRLYKLMEEWSEVMETGATPPVDLFPWLKLLPQWLFNNYIDRAKAIGVQMETLYVDILNKVIKRREDGHNNGTFMDKVLDSQEKHNLPWHQLAFIGGVLMEGGSDTSSSLTLAIVQALIQNPDVQRKAHAEIDAVVGHNRSPVWEDFEKLPYINMIIKEGHRWRPILPLCFPHALGEDDWVDGKFLPKGTIVVVNTWGMHMDPSQPDDPAAFIPERFAKHPQLAPDYVPGTWERRDHYGYGVGRRICPGIHLAERNMFLGIAKLLWAFDFQPGEGPIDSDPVTGYHNGFLYCAKDYSCRPVIRNEVIRDTIEREYATATADVFSRFTEG,524,60202,6,6,7
A0A084R1H6,UniRef50_Q4WAY3,"Eukaryota, Fungi, Dikarya",MDSEAPTPTSSSFALPYAEPIAIVSAACRLPGHIQNPHQLWQFLQAGGIATSDVVPESRYNVAGHFDGSGRPGTLKTPGGMFIEDIDLGAFDAPFFHIGKSDAVSMDPQQRQLLEVVYECLENGGITMQGIDGDQIGCFVASYSADWHEMQSRHPASRAPGTTAGTSRAILSNRISHFFNIKGSSWTIDTACSGGLVGVDAACQYLRAGKLNGAIVAAAQLWMSPEYNEELGTMRAAASSTGRCHSFDAKADGYCRSEAVNAVYLKRLSDALRDGDPVRAVIRGTANNSDGRTPGLHSPNSDAQAAAIRAAYADAGIDSTQYTKTAFMECHATGTPAGDPSEVRGSASVLASMRPPSDPLIIGTIKSNLGHAEPGAGISGLMKAMMAVEKGIIPGNPTFITPNPNIDFAGLRVRASQRNMRWPQSTKDYRRASVASSGFGGSNAHVVLDNAEHYMQHHFLSVQPQFRTYVSSYAETGDVLSMLSGFGLGAANSSDKLAPLPNVLVFSAHDADSLKRQMGALSAHLVDPRVAIKLSDLSYTLSERRSRHFHRSFIVCRPNKGGNIETLPTDLAKYAMKPTSPVRIGFVFTGQGAQWSGMGADLIRLFPKTAKAVVDELDAALQELPADVRPSWSLLAELTEPRSSEHLREPEFSQPLVTALQLALLAVLKSWNVTADAVVGHSSGEIAAACSAGLLTPGQAILTAYFRGQAAKQVVMEGSMGMLAVGLGSAGVQKYLEDTSRAGKVVIACYNSPASVTLSGPTSLLSELAQVIQTDGHFARLLQVNLPYHSHYMSAIGDRYEKLLLDHGRLDEIQGETATRKIPMISSVSTIVLEGSKSCSAAYWKSNMVSAVQFDGACKRIVADQDLSANLLIEIGPSAALGGPIGQIIKQAGIDNVTYTSAAQRGTDSILALFGVAGQLFLHDCPVSLDHVNTDETALTEPKPAVIIDLPNYRWNHSTRYWHESLASKDWRFRNFPEHDLLGGKVLGTAWESPSWTKTLRLEDVPWLRDHKIGSEILFPASGYIAMAVEAARQATISTARSQNKAAPSAHAYHYVLRDVHFERGLVLEDETDTTLMLSLAPVARLGVKWWVFKVMSLASGGSSSSSDSWIEHSNGLVRLALNASEPLPRVTPDNYSLPLQYPTPARFWYKAFENAGYGYGPGFQKQSYIECTEGSFSARSTIMLNPPLSKWEPQPNYPLHPASMESCIQATLTSMYRGDRAGINNVLVPNAIDRIILSGDTWRSNEAVSVTTSESSSGITSKPLSNASLFDPTNGVLIIDLRGISMTSVGLQGNVCSFSTYTRVEWKPDICHLDSDTKIRRAILDLTDGTGDFVQEVLDLAAHKKPNMRVLEVDLTGGQPRSLWLSGNETSRITRAATSEFNYASDRPESVLSAQDLYSDMSSGYTSRFTLLPITSQSFVAPPELCRSDLVLIRTSQLPSMETASILTRNARCLLTEGGTIVLHVLDVSKYSKVGQESLREALSRGKFSKIRQAADGLFVAEATDADTAYSQGKSLVVLHFSTSPVFSWSSAVITSLIDKGWPITELTLEEGCRLTELPAKATILVMDEVNRPLFASMEEYQLEAIQSIVQRDCSLLWVTQGSQMHVSSPLKAICHGVFRSVRSMDPNARIVTLDVDSAAEDQLAKMADILHTVLLQVRVTPESLPADFEFVERGGLLYISRLRPAQVDNESRSDGDKDGLQPVPVDLHSTESTIGLVSGRPGILDTLHFAELGPGRLLVLGPEDIEVEIFAASVDDGDYALAKNLDPEDSTRLGYGGAGIVTRTGDSITDIRAGQRVALFHGGCVANRIVVARQVVFSVPDTMTFEDAATLPTAFVPAIYSIYHLAQLRQGQRVLIHSAANAVGIACVQLCQGLSCKPYVTVDSDEERKFLAEEVGVSSDHILLLNSENFAREMQDSAQNHGFDVIINTSQHHLPDQGWGVVSPGGVHVALGQTINDRSLLPMDYFTNNRSFCSLDIRTLPLDKLASPRACSQLSDLIYGSSIKHMLPKAVFPCHGVQAALQSCHDHNRLRNVVISTGPDKDVRILVKPEKQQPRCTFAPEQTYLLVGKLKGVSGSLALHLARCGAKYLVIMSPKNSENSENISRSIRAMGCSLRFFEGDAASIDDMRRCYGQISGPIGGIVHGAAAQSFRLMSHETYQATLARSVLSAWNLHTVSLERDDSVPFFIMLSSTAGVVGDEKQPHHAGSDVFHNALATYRCGLGLPSTSINLGPINDDALLPDSEKTFKTLSSGVWFGVNEAVFRRIIDHSLSREHHGAQRHFELASQAQIITGIAVPQPGSSDILHDVRLLGLKLAQSGNSSSAASGRDDSQNREMQTFLLCARSTNPDPAVLLSSAVGVLQAQFTKMLRLNELMDPAYPLNTYGMDSLAAAEPRSWVRTAFGVQLTTLDVVNAASLVVLCQKIISRMGLGKEV,2435,263256,3,6,6
